Title,Media URL,Pinterest board,Thumbnail,Description,Link,Publish date,Keywords
You know the numbers. Now let your recipe card show them too.,https://cdn.jsdelivr.net/gh/jushotheone/ruoth-social-assets/pinterest/launch_campaign/pillar-4-ingredient-intelligence/var-1-see-the-numbers-before-you-ever-turn-on-the-oven.jpg,Editable Recipe Templates for Kitchen Teams,,"Ingredient-level costing just got easier. With our digital recipe card, you will see every gram and every penny. Before you even preheat the oven. → Grab the inventory-ready layout now.",,2025-05-21T09:00:00+00:00,"recipe card template, printable recipe card, 6x4 recipe cards, design recipe cards, online recipe card maker"
You bring flavour and finesse. Let this editable recipe card prove it on paper.,https://cdn.jsdelivr.net/gh/jushotheone/ruoth-social-assets/pinterest/launch_campaign/pillar-1-visual-identity/var-3-when-your-flavours-are-5-star-your-recipe-cards-should-be-too.jpg,Recipe Costing & Scaling Tools for Chefs,,"Freelancers: skip the formatting headache. This easy professional recipe sheet is clean, branded, and ready to impress.",,2025-05-21T09:30:00+00:00,"personalised recipe cards, printable recipe cards with recipes, cookery cards, cookie recipe in a jar for christmas, butterfly recipe cards, buy recipe cards"
"Prep smarter, not harder. This format shows the facts before the flame.",https://cdn.jsdelivr.net/gh/jushotheone/ruoth-social-assets/pinterest/launch_campaign/pillar-4-ingredient-intelligence/var-4-see-the-numbers-before-you-ever-turn-on-the-oven.jpg,Recipe Cards for Culinary Professionals,,"This printable kitchen planner helps you visualize cost, quantity, and usage. all before you start cooking. Ideal for budget-conscious bakers.",,2025-05-21T10:00:00+00:00,"recipe card layout, recipe card print out, recipe card sample, 5 x 7 recipe card box, free recipe cards, christmas cookie christmas card, recipe cards for sale"
Preserve your legacy with a printable card that lasts.,https://cdn.jsdelivr.net/gh/jushotheone/ruoth-social-assets/pinterest/launch_campaign/pillar-5-protection-and-security/var-4-track-every-change.-protect-your-recipes-evolution.jpg,Protect Your Signature Recipes (Culinary IP),,"Heirloom-ready. This editable recipe card gives chefs and authors a reliable way to document, protect, and share their signature dishes for years to come.",,2025-05-21T10:30:00+00:00,"easter card homemade, personalised recipe cards, printable recipe cards with recipes, recipe box and recipe cards, recipe box for 5x7 cards, drink recipe cards, banana bread recipe card"
Own your edits. Versioned recipe cards for chefs who lead.,https://cdn.jsdelivr.net/gh/jushotheone/ruoth-social-assets/pinterest/launch_campaign/pillar-5-protection-and-security/var-3-track-every-change.-protect-your-recipes-evolution.jpg,Kitchen Branding with Beautiful Recipe Cards,,"Manage your recipes like IP. With built-in change logs and owner history, this editable format protects every update and keeps your culinary records clean.",,2025-05-21T11:00:00+00:00,"recipe box with recipe cards, recipe card format, wooden recipe box for 4x6 cards, recipe card box 4x6, bar recipe cards, basic recipe template"
It’s not just a card. It’s your skill set on display.,https://cdn.jsdelivr.net/gh/jushotheone/ruoth-social-assets/pinterest/launch_campaign/pillar-6-proffesional-edge/bulk-4-professional-edge.jpg,Editable Recipe Templates for Kitchen Teams,,"First impressions matter. This downloadable recipe card is built to showcase your skills with visual precision. Perfect for portfolios, pitches, and classes.",,2025-05-21T11:30:00+00:00,"recipe template, print recipe cards, postcard recipes, 4x6 recipe card template editable"
Stop obsessing over conversions. This layout does the numbers while you cook.,https://cdn.jsdelivr.net/gh/jushotheone/ruoth-social-assets/pinterest/launch_campaign/pillar-2-professional-efficiency/var-4-turn-1x-to-10x-without-touching-a-calculator.jpg,Recipe Costing & Scaling Tools for Chefs,,Tired of flipping between tabs? Let this smart chef tool handle your conversions and scaling in one clean interface.,,2025-05-21T12:00:00+00:00,"recipe card, recipe cards with recipes, vintage recipe card box, a5 recipe template"
Custom recipe card templates that make you look professional,https://cdn.jsdelivr.net/gh/jushotheone/ruoth-social-assets/pinterest/launch_campaign/pillar-1-visual-identity/var-3-finally-recipe-cards-as-beautiful-as-your-plating.var-3-finally-recipe-cards-as-beautiful-as-your-plating.jpg,Recipe Cards for Culinary Professionals,,"You do not need a graphic designer to deliver wow-worthy recipes. Use this custom recipe card design to look polished, even on a deadline.",,2025-05-21T12:30:00+00:00,"recipe card, recipe cards with recipes, card recipe, valentine day homemade cards, editable recipe card template, blank cocktail recipe cards"
Word docs are not made for bakers. Try editable recipe card templates,https://cdn.jsdelivr.net/gh/jushotheone/ruoth-social-assets/pinterest/launch_campaign/pillar-1-visual-identity/bulk-2-visual-identity.jpg,Protect Your Signature Recipes (Culinary IP),,Say goodbye to messy Word docs and hello to a professional recipe card layout designed to showcase your craft. A simple template made for chefs who take visual pride in their work.,,2025-05-21T13:00:00+00:00,"recipe card sample, recipe templates for free, easy everyday cooking recipe cards, diy recipe cards, blank recipe template printable"
You’re more than flavour. This card shows your skill too.,https://cdn.jsdelivr.net/gh/jushotheone/ruoth-social-assets/pinterest/launch_campaign/pillar-6-proffesional-edge/bulk-3-professional-edge.jpg,Kitchen Branding with Beautiful Recipe Cards,,"Whether you teach or consult, your recipes are your resume. Format them like a pro with this editable layout that makes every page client-facing.",,2025-05-21T13:30:00+00:00,"recipe card print out, recipe card sample, recipe templates for free, index card recipe template, index cards for recipe box, 3x5 recipe card template free"
Protect every version. This encrypted card keeps you covered.,https://cdn.jsdelivr.net/gh/jushotheone/ruoth-social-assets/pinterest/launch_campaign/pillar-5-protection-and-security/var-1-track-every-change.-protect-your-recipes-evolution.jpg,Editable Recipe Templates for Kitchen Teams,,"Every revision, protected. From v1 to final draft, this version-controlled recipe layout is trusted by professionals building a legacy of innovation.",,2025-05-21T14:00:00+00:00,"recipe card, recipe cards with recipes, recipe templates for free, valentine day homemade cards, holiday recipe cards, recipe page template, beach themed recipe cards"
Your visuals are flawless. Now your recipe card template matches your presentation.,https://cdn.jsdelivr.net/gh/jushotheone/ruoth-social-assets/pinterest/launch_campaign/pillar-1-visual-identity/var-1-when-your-flavours-are-5-star-your-recipe-cards-should-be-too.jpg,Recipe Costing & Scaling Tools for Chefs,,"If your cakes are visually flawless, your recipes should be too. Create a professional-looking recipe PDF that your clients will want to keep.",,2025-05-21T14:30:00+00:00,"recipe card layout, recipe card print out, recipe card sample, recipe templates for free, cute recipe template, editable recipe template, cake recipe card"
Make your skills shine with a recipe card design that clients remember,https://cdn.jsdelivr.net/gh/jushotheone/ruoth-social-assets/pinterest/launch_campaign/pillar-6-proffesional-edge/bulk-1-professional-edge.jpg,Recipe Cards for Culinary Professionals,,"A messy recipe will not close the deal. Use this client-ready layout to showcase your skills with polished, print-worthy cards that elevate your value.",,2025-05-21T15:00:00+00:00,"recipe card format, recipe card layout, recipe card print out, cute recipe template, restaurant recipe template free"
Your brand belongs on every recipe. This PDF card makes that happen.,https://cdn.jsdelivr.net/gh/jushotheone/ruoth-social-assets/pinterest/launch_campaign/pillar-3-client-team-collaboration/var-1-from-scribbles-to-smooth-client-handoffs.jpg,Protect Your Signature Recipes (Culinary IP),,Want to look like the pro you are? This editable chef PDF lets you deliver recipes that feel exclusive and elegant.,,2025-05-21T15:30:00+00:00,"print recipe cards, free recipe template, recipe template for cookbook, recipe box for 5x7 cards, recipe box gift voucher, wooden recipe box for 5x7 cards"
Wasting less starts with visibility. This recipe card shows you what’s real.,https://cdn.jsdelivr.net/gh/jushotheone/ruoth-social-assets/pinterest/launch_campaign/pillar-4-ingredient-intelligence/var-3-see-the-numbers-before-you-ever-turn-on-the-oven.jpg,Kitchen Branding with Beautiful Recipe Cards,,Want to slash waste and boost your bottom line? This digital recipe costing tool helps chefs take control of ingredient flow and pricing impact. All in one smart layout.,,2025-05-21T16:00:00+00:00,"recipe card, recipe templates for free, valentine day homemade cards, recipe cards 4 x 6, aperol spritz recipe card, 3 by 5 recipe cards"
Build your brand with every recipe. card included.,https://cdn.jsdelivr.net/gh/jushotheone/ruoth-social-assets/pinterest/launch_campaign/pillar-6-proffesional-edge/var-1-from-solo-chef.jpg,Editable Recipe Templates for Kitchen Teams,,Stop sending plain documents. These customizable recipe cards reflect your brand voice and visual tone. Perfect for chefs building a client-facing identity.,,2025-05-21T16:30:00+00:00,"recipe box with recipe cards, recipe card format, recipe card layout, handwritten recipe card, 3x5 recipe card template editable, 3x5 recipe card template for word"
"Keep your genius versioned and encrypted. no guessing, no gaps.",https://cdn.jsdelivr.net/gh/jushotheone/ruoth-social-assets/pinterest/launch_campaign/pillar-5-protection-and-security/var-1-you-own-every-version.-no-more-who-changed-this.jpg,Recipe Costing & Scaling Tools for Chefs,,"Recipes evolve, and now your cards can too. Use this encrypted format to lock in every update while keeping your IP safe and accessible from anywhere.",,2025-05-21T17:00:00+00:00,"recipe cards and holder, cards with cake, easter card homemade, personalised recipe cards, index card recipe box, black and white recipe cards"
Make your dessert shine with floral printable recipe cards,https://cdn.jsdelivr.net/gh/jushotheone/ruoth-social-assets/pinterest/launch_campaign/pillar-1-visual-identity/var-1-from-cluttered-files-to-client-ready-pdfs-in-one-download.jpg,Recipe Cards for Culinary Professionals,,Give your creations the presentation they deserve with an elegant recipe design that reflects your culinary artistry. Ready-to-print and completely yours.,,2025-05-21T17:30:00+00:00,"recipe card format, recipe card layout, recipe card print out, printable recipe, blank recipe template free, blank recipe template pdf"
See your recipe’s evolution. tracked in this printable format.,https://cdn.jsdelivr.net/gh/jushotheone/ruoth-social-assets/pinterest/launch_campaign/pillar-5-protection-and-security/var-2-track-every-change.-protect-your-recipes-evolution.jpg,Protect Your Signature Recipes (Culinary IP),,"Log your process like a pro. This secure recipe card layout helps you track updates, test variations, and protect your original formulas in one place.",,2025-05-21T18:00:00+00:00,"recipe card layout, recipe card print out, recipe card sample, recipe maker template, beach recipe cards"
Your clients don’t want scribbles. They want clarity. This recipe card delivers.,https://cdn.jsdelivr.net/gh/jushotheone/ruoth-social-assets/pinterest/launch_campaign/pillar-3-client-team-collaboration/var-2-present-like-a-pro.-deliver-recipes-clients-remember.jpg,Kitchen Branding with Beautiful Recipe Cards,,Move from messy margins to mastery. Deliver with a chef-friendly recipe format made to scale your solo kitchen business.,,2025-05-21T18:30:00+00:00,"recipe card print out, recipe card sample, recipe templates for free, holiday recipe cards, recipe page template, recipe costing cards, baking themed christmas cards"
